0,0,6.24846,-1.11227,-1.53284e-09,0.5
1,0,0,-10.5475,8.10114e-07,0.920735
0.998795,0.0490677,9.95375e-11,-10.535,-0.477877,0.919808
0.995185,0.0980171,1.86651e-10,-10.5112,-0.997939,0.91703
0.989177,0.14673,2.57722e-10,-10.4738,-1.51903,0.912414
0.980785,0.19509,3.16327e-10,-10.4221,-2.04092,0.905982
0.970031,0.24298,3.59987e-10,-10.3552,-2.56424,0.897764
0.95694,0.290285,3.86776e-10,-10.2733,-3.08949,0.887798
0.941544,0.33689,3.96855e-10,-10.1757,-3.61691,0.876128
0.92388,0.382683,4.12221e-10,-10.0627,-4.14585,0.862806
0.903989,0.427555,4.15726e-10,-9.93219,-4.67724,0.847891
0.881921,0.471397,3.80351e-10,-9.78497,-5.21305,0.831448
0.857729,0.514103,3.24128e-10,-9.61998,-5.75236,0.813546
0.83147,0.55557,2.53798e-10,-9.43671,-6.29532,0.794261
0.803208,0.595699,1.631e-10,-9.23406,-6.84225,0.773672
0.77301,0.634393,4.30989e-11,-9.01155,-7.39401,0.751862
0.740951,0.671559,-8.71464e-11,-8.7689,-7.95078,0.728921
0.707107,0.707107,-3.22803e-14,-8.48691,-8.48691,0.704941
0.671559,0.740951,3.79874e-09,-8.23487,-8.95397,0.680017
0.634393,0.77301,3.99284e-09,-7.92178,-9.51423,0.65425
0.595699,0.803208,4.14981e-09,-7.58333,-10.0798,0.627745
0.55557,0.83147,4.30978e-09,-7.21847,-10.6497,0.600609
0.514103,0.857729,4.43922e-09,-6.82461,-11.2235,0.572955
0.471397,0.881921,4.54648e-09,-6.40067,-11.8014,0.5449
0.427555,0.903989,4.61794e-09,-5.94435,-12.3826,0.516564
0.382683,0.92388,4.74751e-09,-5.4549,-12.965,0.48807
0.33689,0.941544,4.84137e-09,-4.92863,-13.5476,0.459547
0.290285,0.95694,4.81103e-09,-4.36334,-14.1324,0.431124
0.24298,0.970031,4.71143e-09,-3.757,-14.7155,0.402935
0.19509,0.980785,4.5614e-09,-3.10766,-15.294,0.375113
0.14673,0.989177,4.32139e-09,-2.41268,-15.8647,0.347791
0.0980171,0.995185,3.95118e-09,-1.66982,-16.4247,0.321104
0.0490677,0.998795,3.48358e-09,-0.877949,-16.9692,0.295182
-4.48408e-09,1,5.64857e-14,-1.33709e-06,-17.4112,0.270151
-0.0490677,0.998795,1.41372e-08,0.705128,-17.7902,0.246134
-0.0980171,0.995185,1.41576e-08,1.62938,-18.2155,0.223244
-0.14673,0.989177,1.38122e-08,2.60049,-18.5894,0.201587
-0.19509,0.980785,1.31732e-08,3.6124,-18.8987,0.181258
-0.24298,0.970031,1.20704e-08,4.65883,-19.1274,0.162339
-0.290285,0.95694,1.04545e-08,5.72966,-19.2611,0.144899
-0.33689,0.941544,8.23878e-09,6.81104,-19.2823,0.128994
-0.382683,0.92388,5.60885e-09,7.88312,-19.1757,0.114659
-0.427555,0.903989,2.36081e-09,8.92538,-18.9241,0.101916
-0.471397,0.881921,-1.70414e-09,9.91709,-18.5197,0.090769
-0.514103,0.857729,-6.23787e-09,10.8294,-17.9569,0.0812017
-0.55557,0.83147,-1.10146e-08,11.6372,-17.2393,0.0731814
-0.595699,0.803208,-1.57242e-08,12.3184,-16.379,0.0666572
-0.634393,0.77301,-2.0166e-08,12.8602,-15.3987,0.0615614
-0.671559,0.740951,-2.38195e-08,13.2569,-14.3302,0.0578099
-0.707107,0.707107,7.34784e-14,13.4452,-13.4452,0.0553038
-0.740951,0.671559,-1.11302e-08,13.7032,-12.2994,0.0539313
-0.77301,0.634393,-1.35558e-08,13.7317,-11.1315,0.0535691
-0.803208,0.595699,-1.52391e-08,13.6773,-9.99752,0.0540846
-0.83147,0.55557,-1.61554e-08,13.5631,-8.91579,0.0553387
-0.857729,0.514103,-1.64503e-08,13.4103,-7.89564,0.0571878
-0.881921,0.471397,-1.63239e-08,13.2369,-6.94061,0.0594866
-0.903989,0.427555,-1.58457e-08,13.0572,-6.05041,0.0620909
-0.92388,0.382683,-1.49785e-08,12.8834,-5.22275,0.06486
-0.941544,0.33689,-1.39664e-08,12.7201,-4.4491,0.0676597
-0.95694,0.290285,-1.30878e-08,12.5728,-3.72127,0.0703647
-0.970031,0.24298,-1.21632e-08,12.4454,-3.03392,0.0728609
-0.980785,0.19509,-1.12272e-08,12.3405,-2.37974,0.0750478
-0.989177,0.14673,-1.02915e-08,12.2587,-1.75141,0.0768403
-0.995185,0.0980171,-9.44735e-09,12.2012,-1.14157,0.0781703
-0.998795,0.0490677,-8.6132e-09,12.1684,-0.544028,0.0789884
-1,-9.35913e-09,1.61237e-13,12.1606,-1.86775e-06,0.0792645
-0.998795,-0.0490677,8.87169e-09,12.1684,0.544024,0.0789884
-0.995185,-0.0980171,1.00212e-08,12.2012,1.14157,0.0781703
-0.989177,-0.14673,1.12452e-08,12.2587,1.7514,0.0768403
-0.980785,-0.19509,1.26281e-08,12.3405,2.37973,0.0750478
-0.970031,-0.24298,1.41002e-08,12.4454,3.03391,0.0728609
-0.95694,-0.290285,1.56417e-08,12.5728,3.72127,0.0703647
-0.941544,-0.33689,1.71924e-08,12.7201,4.44909,0.0676597
-0.92388,-0.382683,1.90039e-08,12.8834,5.22274,0.06486
-0.903989,-0.427555,2.07273e-08,13.0572,6.0504,0.0620909
-0.881921,-0.471397,2.20186e-08,13.2369,6.9406,0.0594866
-0.857729,-0.514103,2.28849e-08,13.4103,7.89564,0.0571878
-0.83147,-0.55557,2.3185e-08,13.5631,8.91578,0.0553387
-0.803208,-0.595699,2.25702e-08,13.6773,9.99751,0.0540846
-0.77301,-0.634393,2.0714e-08,13.7317,11.1315,0.0535691
-0.740951,-0.671559,1.7557e-08,13.7032,12.2994,0.0539313
-0.707107,-0.707107,3.09847e-13,13.4452,13.4452,0.0553038
-0.671559,-0.740951,4.00863e-08,13.2569,14.3302,0.0578099
-0.634393,-0.77301,3.50606e-08,12.8602,15.3987,0.0615614
-0.595699,-0.803208,2.8252e-08,12.3184,16.379,0.0666572
-0.55557,-0.83147,2.04621e-08,11.6372,17.2393,0.0731814
-0.514103,-0.857729,1.19872e-08,10.8294,17.9569,0.0812017
-0.471397,-0.881921,3.38924e-09,9.91709,18.5197,0.090769
-0.427555,-0.903989,-4.85789e-09,8.92538,18.9241,0.101916
-0.382683,-0.92388,-1.19579e-08,7.88312,19.1757,0.114659
-0.33689,-0.941544,-1.82058e-08,6.81105,19.2823,0.128994
-0.290285,-0.95694,-2.39612e-08,5.72966,19.2611,0.144899
-0.24298,-0.970031,-2.87018e-08,4.65884,19.1274,0.162339
-0.19509,-0.980785,-3.2513e-08,3.6124,18.8987,0.181258
-0.14673,-0.989177,-3.54301e-08,2.60049,18.5894,0.201587
-0.0980171,-0.995185,-3.77731e-08,1.62939,18.2155,0.223244
-0.0490677,-0.998795,-3.92533e-08,0.705134,17.7902,0.246134
4.77421e-09,-1,4.81293e-13,4.01128e-06,17.4112,0.270151
0.0490677,-0.998795,-1.05038e-08,-0.877944,16.9692,0.295182
0.0980171,-0.995185,-1.24323e-08,-1.66982,16.4247,0.321104
0.14673,-0.989177,-1.42025e-08,-2.41268,15.8647,0.347791
0.19509,-0.980785,-1.56722e-08,-3.10766,15.294,0.375113
0.24298,-0.970031,-1.69381e-08,-3.757,14.7155,0.402935
0.290285,-0.95694,-1.81295e-08,-4.36334,14.1324,0.431124
0.33689,-0.941544,-1.91563e-08,-4.92863,13.5476,0.459547
0.382683,-0.92388,-1.97598e-08,-5.4549,12.965,0.48807
0.427555,-0.903989,-2.0251e-08,-5.94435,12.3826,0.516564
0.471397,-0.881921,-2.10424e-08,-6.40066,11.8014,0.5449
0.514103,-0.857729,-2.17183e-08,-6.82461,11.2235,0.572955
0.55557,-0.83147,-2.23376e-08,-7.21846,10.6497,0.600609
0.595699,-0.803208,-2.28489e-08,-7.58332,10.0798,0.627745
0.634393,-0.77301,-2.34232e-08,-7.92178,9.51424,0.65425
0.671559,-0.740951,-2.38054e-08,-8.23487,8.95397,0.680017
0.707107,-0.707107,3.99946e-13,-8.48691,8.48692,0.704941
0.740951,-0.671559,6.29697e-10,-8.7689,7.95078,0.728921
0.77301,-0.634393,-3.35616e-10,-9.01155,7.39401,0.751862
0.803208,-0.595699,-1.38095e-09,-9.23406,6.84226,0.773672
0.83147,-0.55557,-2.34836e-09,-9.43671,6.29532,0.794261
0.857729,-0.514103,-3.3009e-09,-9.61998,5.75236,0.813546
0.881921,-0.471397,-4.2975e-09,-9.78496,5.21305,0.831448
0.903989,-0.427555,-5.27127e-09,-9.93219,4.67724,0.847891
0.92388,-0.382683,-5.93744e-09,-10.0627,4.14585,0.862806
0.941544,-0.33689,-6.583e-09,-10.1757,3.61691,0.876128
0.95694,-0.290285,-7.54368e-09,-10.2733,3.08949,0.887798
0.970031,-0.24298,-8.49074e-09,-10.3552,2.56424,0.897764
0.980785,-0.19509,-9.39859e-09,-10.4221,2.04092,0.905982
0.989177,-0.14673,-1.02796e-08,-10.4738,1.51904,0.912414
0.995185,-0.0980171,-1.12399e-08,-10.5112,0.997942,0.91703
0.998795,-0.0490677,-1.208e-08,-10.535,0.47788,0.919808
7.57932e-11,-1.8743e-09,6.24846,-1.11227,-1.53284e-09,0.5
-0.350405,0.350405,5.26866,4.15903,-3.10523,0.297978
0.350405,0.350405,4.5573,-5.22666,-3.48929,0.641256
-2.8908e-09,0.661464,4.10192,-1.38484,-7.63366,0.394547
-0.350405,-0.350405,5.26866,4.15903,3.10523,0.297978
-0.661464,-5.56346e-09,3.72224,9.03829,-8.74821e-07,0.192864
0.350405,-0.350405,4.5573,-5.22666,3.48929,0.641256
2.88473e-09,-0.661464,4.10192,-1.38483,7.63366,0.394547
0.661464,3.51221e-10,3.12626,-7.80763,4.41337e-08,0.807136
-0.188518,0.793252,2.85512,1.72771,-11.44,0.257064
0.188518,0.793252,2.43412,-3.61657,-10.4177,0.444467
-3.95048e-09,0.892664,1.69282,-0.783879,-13.666,0.31367
-0.526264,0.526264,3.51009,7.77852,-5.98313,0.181192
-0.178594,0.510917,5.07324,1.26366,-5.16213,0.347325
-0.364233,0.669508,3.50509,4.90476,-8.58636,0.213947
-0.175166,0.175166,6.11288,1.33433,-1.43562,0.405213
0.175166,0.175166,5.72902,-3.29044,-1.58227,0.579485
0.178594,0.510917,4.61342,-3.54891,-5.33751,0.524971
-1.48094e-09,0.344916,5.73408,-1.24863,-3.12603,0.470552
0.526264,0.526264,2.69433,-6.97908,-5.8328,0.683498
0.364233,0.669508,2.741,-5.5649,-7.90303,0.57018
-0.793252,-0.188518,2.23011,11.0161,1.84247,0.134822
-0.793252,0.188518,2.23011,11.0161,-1.84247,0.134822
-0.892664,-7.55512e-09,1.28615,11.6864,-1.51121e-06,0.110627
-0.526264,-0.526264,3.51009,7.77852,5.98313,0.181192
-0.510917,-0.178594,4.78,6.81592,1.49101,0.247558
-0.669508,-0.364233,3.02539,9.79677,3.81339,0.156898
-0.175166,-0.175166,6.11288,1.33433,1.43562,0.405213
-0.510917,0.178594,4.78,6.81592,-1.49101,0.247558
-0.344916,-3.59097e-09,5.79233,3.96408,-4.06012e-07,0.330941
-0.669508,0.364233,3.02539,9.79677,-3.81339,0.156898
0.188518,-0.793252,2.43412,-3.61656,10.4177,0.444467
-0.188518,-0.793252,2.85512,1.72772,11.44,0.257064
3.94926e-09,-0.892664,1.69282,-0.783875,13.666,0.31367
0.526264,-0.526264,2.69433,-6.97908,5.83281,0.683498
0.178594,-0.510917,4.61342,-3.54891,5.33751,0.524971
0.364233,-0.669508,2.741,-5.5649,7.90304,0.57018
0.175166,-0.175166,5.72902,-3.29044,1.58227,0.579485
-0.178594,-0.510917,5.07324,1.26366,5.16213,0.347325
1.58668e-09,-0.344916,5.73408,-1.24863,3.12603,0.470552
-0.364233,-0.669508,3.50509,4.90477,8.58635,0.213947
0.793252,0.188518,1.83983,-8.98454,-1.87479,0.847461
0.793252,-0.188518,1.83983,-8.98454,1.87479,0.847461
0.892664,5.04814e-10,1.09447,-9.72986,2.18685e-07,0.889373
0.510917,0.178594,4.05296,-6.60676,-1.75483,0.736536
0.669508,0.364233,2.38987,-8.06995,-3.86911,0.777499
0.510917,-0.178594,4.05296,-6.60676,1.75483,0.736536
0.344916,-4.80846e-10,5.16444,-4.99274,1.50379e-08,0.669059
0.669508,-0.364233,2.38987,-8.06995,3.86912,0.777499
-0.0969304,0.936215,1.04072,1.10204,-15.9449,0.248031
0.0969304,0.936215,0.935831,-2.0868,-14.5229,0.34481
-4.31058e-09,0.966522,0.581851,-0.209265,-16.9432,0.284083
-0.28479,0.8571,1.7548,4.35344,-14.3986,0.186838
-0.0954134,0.845459,2.33498,0.490623,-12.7294,0.284059
-0.192134,0.900035,1.42646,2.68783,-15.3884,0.215314
-0.09332,0.728825,3.60218,0.0727222,-9.30512,0.326386
0.09332,0.728825,3.35645,-2.58778,-9.06073,0.419571
0.0954134,0.845459,2.13734,-2.4079,-11.9637,0.379328
-3.46841e-09,0.789066,2.94828,-1.23126,-10.4935,0.352254
0.28479,0.8571,1.33436,-4.64401,-11.6544,0.467794
0.192134,0.900035,1.17079,-3.46863,-13.0612,0.406268
-0.458821,0.748968,2.13857,7.57389,-11.9423,0.14475
-0.277923,0.733992,3.25647,3.23568,-9.75852,0.234074
-0.373701,0.806377,1.99651,5.78577,-12.9412,0.163527
-0.615345,0.615345,2.10193,10.3094,-8.81512,0.119667
-0.447149,0.600105,3.57963,6.25539,-7.14775,0.19644
-0.539523,0.685079,2.17623,8.97163,-9.98459,0.130321
-0.438118,0.438118,4.52834,5.82247,-4.28075,0.240658
-0.265539,0.431766,5.26684,2.65908,-3.92555,0.322899
-0.270707,0.590674,4.43203,2.7531,-6.38792,0.281577
-0.355848,0.51601,4.56799,4.22518,-5.2265,0.260705
-0.0902708,0.587884,4.68191,-0.14139,-6.3328,0.370984
-0.183248,0.661881,4.10598,1.36434,-7.74708,0.303307
-0.0886879,0.428589,5.49748,-0.100066,-4.05912,0.410491
0.0886879,0.428589,5.26886,-2.41568,-4.17742,0.499062
0.0902708,0.587884,4.43471,-2.53134,-6.37241,0.461132
-2.21456e-09,0.509425,5.06408,-1.35305,-5.04301,0.436513
-0.262729,0.262729,5.78713,2.67745,-2.20118,0.352984
-0.0880671,0.260524,6.01267,-0.00275374,-2.21061,0.439151
-0.176448,0.34642,5.73476,1.24279,-3.05268,0.38253
-0.0875708,0.0875708,6.26336,0.0861294,-0.72371,0.454355
0.0875708,0.0875708,6.069,-2.24443,-0.76511,0.541814
0.0880671,0.260524,5.80491,-2.29475,-2.3111,0.527104
-7.1356e-10,0.17428,6.1196,-1.15179,-1.44958,0.492426
0.262729,0.262729,5.22651,-4.28165,-2.48335,0.612701
0.265539,0.431766,4.6494,-4.39661,-4.23703,0.585329
0.176448,0.34642,5.31573,-3.37405,-3.28046,0.558064
0.277923,0.733992,2.63569,-4.68416,-8.91099,0.508433
0.458821,0.748968,1.49439,-6.47535,-9.36694,0.587642
0.373701,0.806377,1.44003,-5.62181,-10.319,0.528591
0.270707,0.590674,3.77282,-4.55019,-6.42772,0.548989
0.183248,0.661881,3.62904,-3.66001,-7.59377,0.485531
0.438118,0.438118,3.71691,-6.12287,-4.60249,0.664894
0.44715,0.600105,2.75368,-6.30822,-6.78662,0.628837
0.355848,0.51601,3.79627,-5.35854,-5.44005,0.60909
0.615345,0.615345,1.47125,-7.8105,-7.1942,0.696907
0.539523,0.685079,1.50578,-7.1619,-8.08115,0.644048
-0.936215,-0.0969304,0.718014,11.9859,1.11885,0.094993
-0.936215,0.0969304,0.718014,11.9859,-1.11886,0.094993
-0.966522,-8.5266e-09,0.407021,12.1186,-1.79039e-06,0.0885427
-0.8571,-0.28479,1.25279,11.8954,3.34387,0.101887
-0.845459,-0.0954134,1.78271,11.4016,1.01759,0.123588
-0.900035,-0.192134,0.993297,11.9658,2.22163,0.0991251
-0.728825,-0.09332,3.03957,10.0798,0.887641,0.164827
-0.728825,0.09332,3.03957,10.0798,-0.887643,0.164827
-0.845459,0.0954134,1.78271,11.4016,-1.01759,0.123588
-0.789066,-6.56292e-09,2.4536,10.7052,-1.17143e-06,0.145152
-0.8571,0.28479,1.25279,11.8954,-3.34387,0.101887
-0.900035,0.192134,0.993297,11.9658,-2.22163,0.0991251
-0.748968,-0.458821,1.7445,11.596,5.63753,0.107846
-0.733992,-0.277923,2.65347,10.3735,2.76399,0.145894
-0.806377,-0.373701,1.50741,11.7155,4.30202,0.104599
-0.615345,-0.615345,2.10193,10.3094,8.81512,0.119667
-0.600105,-0.447149,3.31511,8.84028,4.72712,0.168477
-0.685079,-0.539523,1.9534,10.876,7.08478,0.11261
-0.438118,-0.438118,4.52834,5.82247,4.28075,0.240658
-0.431766,-0.265539,5.10496,5.32713,2.22675,0.273238
-0.590674,-0.270707,4.00925,8.09998,2.41748,0.203331
-0.51601,-0.355848,4.33504,6.96959,3.26301,0.221969
-0.587884,-0.0902708,4.31207,7.95655,0.770101,0.220663
-0.661881,-0.183248,3.56847,9.14059,1.65247,0.184328
-0.428589,-0.0886879,5.37441,5.38503,0.690563,0.290241
-0.428589,0.0886879,5.37441,5.38503,-0.690564,0.290241
-0.587884,0.0902708,4.31207,7.95655,-0.770102,0.220663
-0.509425,-4.55416e-09,4.9209,6.54899,-6.07249e-07,0.256162
-0.262729,-0.262729,5.78713,2.67745,2.20118,0.352984
-0.260524,-0.0880671,6.03645,2.59663,0.688718,0.369269
-0.34642,-0.176448,5.66294,4.00976,1.40237,0.32247
-0.0875708,-0.0875708,6.26336,0.0861298,0.72371,0.454355
-0.260524,0.0880671,6.03645,2.59663,-0.688719,0.369269
-0.17428,-2.69879e-09,6.23437,1.26138,-2.00599e-07,0.4133
-0.431766,0.265539,5.10496,5.32713,-2.22675,0.273238
-0.34642,0.176448,5.66294,4.00976,-1.40237,0.32247
-0.733992,0.277923,2.65347,10.3735,-2.76399,0.145894
-0.748968,0.458821,1.7445,11.596,-5.63753,0.107846
-0.806377,0.373701,1.50741,11.7155,-4.30202,0.104599
-0.590674,0.270707,4.00925,8.09998,-2.41748,0.203331
-0.661881,0.183248,3.56847,9.14059,-1.65247,0.184328
-0.600105,0.44715,3.31511,8.84028,-4.72712,0.168477
-0.51601,0.355848,4.33504,6.96959,-3.26301,0.221969
-0.685079,0.539523,1.9534,10.876,-7.08478,0.11261
0.0969304,-0.936215,0.935831,-2.08679,14.5229,0.34481
-0.0969304,-0.936215,1.04072,1.10205,15.9449,0.248031
4.42334e-09,-0.966522,0.581851,-0.20926,16.9432,0.284083
0.28479,-0.8571,1.33436,-4.64401,11.6544,0.467794
0.0954134,-0.845459,2.13734,-2.4079,11.9637,0.379328
0.192134,-0.900035,1.17079,-3.46863,13.0612,0.406268
0.09332,-0.728825,3.35645,-2.58778,9.06073,0.419571
-0.09332,-0.728825,3.60218,0.0727257,9.30512,0.326386
-0.0954134,-0.845459,2.33498,0.490628,12.7294,0.284059
3.44415e-09,-0.789066,2.94828,-1.23126,10.4935,0.352254
-0.28479,-0.8571,1.7548,4.35344,14.3986,0.186838
-0.192134,-0.900035,1.42646,2.68784,15.3884,0.215314
0.458821,-0.748968,1.49439,-6.47535,9.36694,0.587642
0.277923,-0.733992,2.63569,-4.68416,8.91099,0.508433
0.373701,-0.806377,1.44003,-5.6218,10.319,0.528591
0.615345,-0.615345,1.47125,-7.8105,7.1942,0.696907
0.447149,-0.600105,2.75369,-6.30822,6.78662,0.628837
0.539523,-0.685079,1.50578,-7.1619,8.08115,0.644048
0.438118,-0.438118,3.71691,-6.12286,4.60249,0.664894
0.265539,-0.431766,4.6494,-4.39661,4.23703,0.585329
0.270707,-0.590674,3.77282,-4.55019,6.42772,0.548989
0.355848,-0.51601,3.79628,-5.35854,5.44005,0.60909
0.0902708,-0.587884,4.43471,-2.53134,6.37242,0.461132
0.183248,-0.661881,3.62904,-3.66001,7.59377,0.485531
0.0886879,-0.428589,5.26886,-2.41567,4.17742,0.499062
-0.0886879,-0.428589,5.49748,-0.100064,4.05912,0.410491
-0.0902708,-0.587884,4.68191,-0.141388,6.3328,0.370984
2.26444e-09,-0.509425,5.06408,-1.35305,5.04301,0.436513
0.262729,-0.262729,5.22651,-4.28165,2.48335,0.612701
0.0880671,-0.260524,5.80491,-2.29475,2.3111,0.527104
0.176448,-0.34642,5.31573,-3.37405,3.28046,0.558064
0.0875708,-0.0875708,6.069,-2.24442,0.76511,0.541814
-0.0880671,-0.260524,6.01267,-0.0027526,2.21061,0.439151
8.54157e-10,-0.17428,6.1196,-1.15179,1.44958,0.492426
-0.265539,-0.431766,5.26684,2.65908,3.92555,0.322899
-0.176448,-0.34642,5.73476,1.24279,3.05268,0.38253
-0.277923,-0.733992,3.25647,3.23568,9.75851,0.234074
-0.458821,-0.748968,2.13857,7.57389,11.9423,0.14475
-0.373701,-0.806377,1.99651,5.78577,12.9412,0.163527
-0.270707,-0.590674,4.43203,2.75311,6.38792,0.281577
-0.183248,-0.661881,4.10598,1.36435,7.74708,0.303307
-0.44715,-0.600105,3.57962,6.25539,7.14775,0.196439
-0.355848,-0.51601,4.56799,4.22518,5.2265,0.260705
-0.539523,-0.685079,2.17623,8.97164,9.98459,0.130321
0.936215,0.0969304,0.613714,-10.0739,-1.02872,0.900313
0.936215,-0.0969304,0.613714,-10.0739,1.02872,0.900313
0.966522,3.35558e-10,0.352886,-10.4476,6.16362e-07,0.911457
0.8571,0.28479,1.01263,-9.50585,-3.0536,0.857834
0.845459,0.0954134,1.49813,-9.38983,-1.00518,0.871864
0.900035,0.192134,0.828776,-9.82551,-2.04173,0.882474
0.728825,0.09332,2.53684,-8.41743,-0.963727,0.830821
0.728825,-0.09332,2.53684,-8.41743,0.963728,0.830821
0.845459,-0.0954134,1.49813,-9.38983,1.00519,0.871864
0.789066,5.13923e-10,2.06034,-8.85675,9.93376e-08,0.854848
0.8571,-0.28479,1.01263,-9.50585,3.0536,0.857834
0.900035,-0.192134,0.828776,-9.82551,2.04173,0.882474
0.748968,0.458821,1.30479,-8.81609,-4.97241,0.788729
0.733992,0.277923,2.14243,-8.47572,-2.83045,0.815733
0.806377,0.373701,1.17345,-9.1272,-3.93923,0.826383
0.600105,0.447149,2.57298,-7.53836,-4.71863,0.733206
0.685079,0.539523,1.40685,-8.26329,-6.06959,0.745344
0.431766,0.265539,4.36081,-5.83433,-2.58012,0.691713
0.590674,0.270707,3.29606,-7.26891,-2.67403,0.760251
0.51601,0.355848,3.55046,-6.69554,-3.57451,0.715382
0.587884,0.0902708,3.63773,-7.21264,-0.852103,0.775265
0.661881,0.183248,2.95472,-7.8399,-1.8077,0.798929
0.428589,0.0886879,4.67719,-5.82113,-0.828056,0.705829
0.428589,-0.0886879,4.67719,-5.82113,0.828057,0.705829
0.587884,-0.0902708,3.63773,-7.21264,0.852104,0.775265
0.509425,1.35513e-11,4.21704,-6.45501,2.57781e-08,0.743838
0.260524,0.0880671,5.51363,-4.14001,-0.791391,0.626856
0.34642,0.176448,5.01258,-5.05737,-1.64183,0.662003
0.260524,-0.0880671,5.51363,-4.14001,0.791391,0.626856
0.17428,-1.1183e-09,5.86513,-3.1787,1.17298e-08,0.5867
0.431766,-0.265539,4.36081,-5.83433,2.58012,0.691713
0.34642,-0.176448,5.01258,-5.05737,1.64183,0.662003
0.733992,-0.277923,2.14243,-8.47572,2.83045,0.815733
0.748968,-0.458821,1.30479,-8.81609,4.97241,0.788729
0.806377,-0.373701,1.17345,-9.1272,3.93923,0.826383
0.590674,-0.270707,3.29606,-7.26891,2.67403,0.760251
0.661881,-0.183248,2.95472,-7.8399,1.8077,0.798929
0.600105,-0.44715,2.57297,-7.53836,4.71863,0.733206
0.51601,-0.355848,3.55046,-6.69554,3.57452,0.715382
0.685079,-0.539523,1.40685,-8.26329,6.06959,0.745344
-0.0489176,0.98067,0.323933,0.732831,-17.8652,0.253784
0.0489176,0.98067,0.306118,-1.00114,-16.8801,0.302682
-4.42857e-09,0.98992,0.175509,-1.33709e-06,-17.4112,0.274378
-0.145878,0.958083,0.583645,2.41043,-17.7766,0.214864
-0.0486131,0.951808,0.816982,0.388969,-16.3693,0.265809
-0.0975574,0.970133,0.464689,1.46258,-17.4805,0.233894
-0.0483242,0.914552,1.39922,0.119936,-15.0279,0.28092
0.0483242,0.914552,1.33023,-1.45,-14.3868,0.329225
0.0486131,0.951808,0.773915,-1.24504,-15.5724,0.314403
-4.14646e-09,0.933428,1.10842,-0.487414,-15.6054,0.297541
0.145878,0.958083,0.493729,-2.61991,-15.1746,0.360225
0.0975574,0.970133,0.414674,-1.89847,-15.7054,0.331296
-0.24103,0.928007,0.806066,4.41289,-18.144,0.180363
-0.144751,0.918794,1.24763,1.9963,-16.117,0.231267
-0.193705,0.943938,0.699902,3.39455,-18.0031,0.197054
-0.333509,0.889985,0.9776,6.10156,-16.9454,0.151031
-0.238795,0.879332,1.59859,3.62517,-15.3347,0.200567
-0.287632,0.909923,0.893627,5.09499,-17.0843,0.165062
-0.236501,0.825002,2.367,3.10112,-13.0808,0.222126
-0.142275,0.81994,2.61737,1.18729,-12.0947,0.270235
-0.14363,0.872689,1.92858,1.51227,-13.9231,0.249816
-0.190387,0.849517,2.16449,2.23779,-13.2566,0.235553
-0.0478911,0.86946,2.03517,-0.191847,-13.2435,0.298683
-0.0961772,0.894149,1.68334,0.814287,-14.572,0.265077
-0.0475387,0.817497,2.67685,-0.455838,-11.2234,0.318264
0.0475387,0.817497,2.56688,-1.87344,-10.9513,0.365785
0.0478911,0.86946,1.9429,-1.67551,-12.7846,0.346556
-3.72129e-09,0.843807,2.32796,-1.03703,-12.2801,0.332312
-0.140759,0.761131,3.26898,0.906878,-10.034,0.291881
-0.0469538,0.759453,3.29174,-0.603571,-9.85037,0.339138
-0.0944536,0.789874,2.99188,0.262177,-11.1223,0.304811
-0.0463767,0.695555,3.87533,-0.698504,-8.35083,0.360669
0.0463767,0.695555,3.74885,-2.00557,-8.28453,0.407029
0.0469538,0.759453,3.17084,-1.95147,-9.69106,0.386075
-3.19076e-09,0.727989,3.54717,-1.33971,-8.94445,0.373257
0.140759,0.761131,2.92065,-3.15122,-9.53744,0.432175
0.142275,0.81994,2.30633,-3.06864,-11.1454,0.41203
0.0944536,0.789874,2.763,-2.51333,-10.6217,0.399124
0.144751,0.918794,1.06904,-2.77963,-14.0482,0.375512
0.24103,0.928007,0.617729,-3.9238,-14.0805,0.419067
0.193705,0.943938,0.562718,-3.29355,-14.6324,0.38955
0.14363,0.872689,1.67653,-2.95518,-12.5106,0.392953
0.0961772,0.894149,1.52667,-2.23672,-13.4441,0.361106
0.236501,0.825002,1.91211,-4.15864,-11.2334,0.456429
0.238795,0.879332,1.26069,-4.06818,-12.5745,0.437099
0.190387,0.849517,1.8097,-3.59503,-11.6658,0.424793
0.333509,0.889985,0.694901,-5.08719,-12.4829,0.478392
0.287632,0.909923,0.659453,-4.55026,-13.0202,0.448745
-0.422278,0.843657,1.1215,8.05666,-16.3138,0.127448
-0.329641,0.832499,1.89328,5.27002,-14.1212,0.174663
-0.378339,0.867724,1.05746,7.08589,-16.6942,0.138593
-0.50688,0.789752,1.21193,9.46944,-14.112,0.109285
-0.416686,0.778354,2.08291,6.71181,-12.4386,0.153669
-0.465089,0.817543,1.18275,8.61512,-14.74,0.117757
-0.41135,0.709018,2.88704,5.98,-9.72046,0.179577
-0.321388,0.702225,3.40131,4.04005,-9.41411,0.223762
-0.32565,0.769974,2.69745,4.52589,-11.1611,0.199002
-0.368866,0.740072,2.81556,5.38118,-10.8102,0.188931
-0.233562,0.764224,3.08071,2.66052,-10.6611,0.245237
-0.281445,0.798166,2.54197,3.71366,-12.1614,0.210139
-0.586599,0.72861,1.22357,10.9053,-12.6106,0.0962845
-0.499655,0.717667,2.17178,8.42667,-11.3046,0.13711
-0.547326,0.759968,1.22788,10.228,-13.4021,0.102226
-0.660823,0.660823,1.17202,12.0346,-11.1325,0.0878604
-0.578012,0.65084,2.15181,9.62061,-9.31253,0.124607
-0.624389,0.695459,1.20573,11.4611,-11.7732,0.0915788
-0.570589,0.570589,2.86647,8.94271,-7.1946,0.150727
-0.487158,0.563663,3.56539,6.98528,-6.31819,0.188594
-0.493142,0.642375,2.94184,7.5572,-8.63823,0.16364
-0.532379,0.607034,2.92208,8.20316,-7.63203,0.156879
-0.406033,0.635251,3.5616,5.51624,-7.62882,0.204977
-0.452656,0.676238,2.93314,6.80737,-9.17553,0.171289
-0.401384,0.557995,4.1166,5.19881,-6.0699,0.228813
-0.313521,0.553642,4.52777,3.61269,-5.78344,0.271103
-0.317341,0.630068,4.01354,3.7944,-7.17337,0.247973
-0.359659,0.594411,4.08658,4.34192,-6.57441,0.238262
-0.482088,0.482088,4.05925,6.74889,-5.03826,0.211199
-0.397351,0.477439,4.57142,5.04782,-4.5816,0.250599
-0.442152,0.520476,4.10978,5.96182,-5.3532,0.219849
-0.394203,0.394203,4.9292,4.96754,-3.64957,0.269615
-0.308262,0.391365,5.28844,3.38289,-3.4867,0.310493
-0.310562,0.473935,4.95085,3.49022,-4.6499,0.292093
-0.352717,0.434403,4.95973,4.09257,-4.17517,0.280836
-0.222231,0.471514,5.19665,1.96117,-4.64129,0.335238
-0.224449,0.550957,4.78663,2.03481,-5.73212,0.314727
-0.267709,0.512688,4.89055,2.63135,-5.16964,0.303453
-0.230444,0.697969,3.72691,2.34279,-8.66018,0.26887
-0.138591,0.695886,3.8785,0.75991,-8.39577,0.314669
-0.18593,0.73013,3.51402,1.47896,-9.44081,0.280114
-0.227207,0.626613,4.2975,2.15171,-7.04634,0.29238
-0.274165,0.664432,3.88966,2.93996,-7.88344,0.258262
-0.134601,0.549603,4.90582,0.590001,-5.73163,0.359268
-0.136515,0.625185,4.42653,0.663659,-6.98847,0.337382
-0.180679,0.588351,4.6285,1.23696,-6.33703,0.32608
-0.045417,0.625114,4.41794,-0.733846,-6.81191,0.382748
-0.0917407,0.660881,4.17582,-0.012948,-7.86298,0.34892
-0.0449015,0.548986,4.89793,-0.724611,-5.74586,0.404084
0.0449015,0.548986,4.77473,-1.9963,-5.78337,0.44897
0.045417,0.625114,4.29174,-2.01588,-6.81526,0.428149
-2.56169e-09,0.587458,4.6189,-1.39002,-6.49684,0.416176
-0.133456,0.469943,5.30963,0.541864,-4.42808,0.379267
-0.0444618,0.469147,5.30381,-0.736818,-4.51439,0.423754
-0.089319,0.509645,5.12784,-0.101404,-5.1959,0.391859
-0.0442614,0.386829,5.63757,-0.687648,-3.5611,0.440932
0.0442614,0.386829,5.52495,-1.84074,-3.62218,0.485179
0.0444618,0.469147,5.18574,-1.8967,-4.57115,0.468201
-1.8526e-09,0.428101,5.43735,-1.31307,-4.20699,0.454878
0.133456,0.469943,4.96403,-2.97,-4.59524,0.512327
0.134601,0.549603,4.5462,-3.08246,-5.83333,0.493463
0.089319,0.509645,4.88865,-2.50783,-5.29134,0.481059
-0.220881,0.389165,5.52577,1.91457,-3.5298,0.353068
-0.132676,0.387617,5.64112,0.566069,-3.44858,0.396763
-0.177303,0.4297,5.44398,1.21941,-3.96724,0.366358
-0.306531,0.306531,5.55358,3.39363,-2.62729,0.325817
-0.219801,0.304781,5.78331,1.94164,-2.52783,0.367939
-0.263961,0.348096,5.56196,2.63493,-2.9698,0.339559
-0.218921,0.218921,5.97285,1.99248,-1.80757,0.379478
-0.131757,0.217981,6.08588,0.641293,-1.87786,0.42248
-0.132204,0.303498,5.89617,0.605561,-2.617,0.411239
-0.175742,0.261385,5.95805,1.27481,-2.26854,0.395597
-0.0441016,0.302785,5.89732,-0.628627,-2.56472,0.455211
-0.088321,0.345255,5.79136,-0.0457019,-2.99025,0.426392
-0.043995,0.21743,6.08663,-0.586508,-1.82401,0.466237
0.043995,0.21743,5.98391,-1.73015,-1.86788,0.510218
0.0441016,0.302785,5.79008,-1.77578,-2.61976,0.499299
-1.10069e-09,0.260156,5.96002,-1.19983,-2.31042,0.483175
-0.131357,0.131357,6.20935,0.699677,-1.07665,0.430203
-0.0438578,0.130991,6.21355,-0.555057,-1.14066,0.473795
-0.087784,0.174497,6.17059,0.0324041,-1.50432,0.448571
-0.0437787,0.0437787,6.27598,-0.507106,-0.371996,0.477639
0.0437787,0.0437787,6.17856,-1.70104,-0.383771,0.521403
0.0438578,0.130991,6.1143,-1.69728,-1.17036,0.517638
-3.2042e-10,0.0874156,6.21611,-1.12518,-0.799338,0.498091
0.131357,0.131357,5.91926,-2.77441,-1.16414,0.561182
0.131757,0.217981,5.78578,-2.79535,-2.01129,0.553856
0.087784,0.174497,5.97098,-2.25408,-1.5796,0.536243
0.132676,0.387617,5.31174,-2.89915,-3.62658,0.52905
0.220881,0.389165,5.00448,-3.88851,-3.80971,0.572158
0.222231,0.471514,4.65029,-3.99347,-4.88352,0.555644
0.177303,0.4297,5.00391,-3.43913,-4.19371,0.542733
0.132204,0.303498,5.58242,-2.84277,-2.78139,0.543058
0.088321,0.345255,5.5737,-2.34657,-3.10729,0.514598
0.218921,0.218921,5.49841,-3.79275,-2.02142,0.596654
0.219801,0.304781,5.2871,-3.82123,-2.78529,0.585974
0.175742,0.261385,5.55862,-3.32129,-2.46736,0.570436
0.306531,0.306531,4.91319,-4.75754,-2.96956,0.62757
0.308262,0.391365,4.61612,-4.80754,-3.84066,0.613896
0.263961,0.348096,4.97386,-4.31621,-3.28572,0.600465
0.329641,0.832499,1.39716,-5.1474,-11.174,0.498367
0.422278,0.843657,0.751913,-6.04611,-11.4093,0.537287
0.378339,0.867724,0.728002,-5.58152,-11.9512,0.507971
0.233562,0.764224,2.55224,-4.22377,-9.667,0.476682
0.32565,0.769974,2.06842,-5.1658,-9.60786,0.518927
0.281445,0.798166,1.99771,-4.70105,-10.4098,0.487882
0.321388,0.702225,2.70066,-5.13348,-8.55429,0.539645
0.41135,0.709018,2.14451,-6.01814,-8.45503,0.579424
0.416686,0.778354,1.47494,-6.07053,-9.82844,0.558401
0.368866,0.740072,2.1188,-5.60458,-9.21994,0.549489
0.50688,0.789752,0.783895,-6.87857,-9.94918,0.594736
0.465089,0.817543,0.774715,-6.4792,-10.4759,0.566259
0.138591,0.695886,3.51244,-3.18045,-8.18778,0.452817
0.230444,0.697969,3.16005,-4.20765,-8.24329,0.497279
0.18593,0.73013,3.05279,-3.64632,-8.93978,0.464974
0.136515,0.625185,4.05815,-3.15545,-6.97167,0.473473
0.0917407,0.660881,3.92479,-2.61314,-7.778,0.440532
0.224449,0.550957,4.21938,-4.08137,-5.87293,0.537297
0.227207,0.626613,3.72074,-4.15634,-6.98453,0.517638
0.180679,0.588351,4.15438,-3.58251,-6.39653,0.505778
0.317341,0.630068,3.2838,-5.08287,-7.00589,0.560015
0.274165,0.664432,3.23421,-4.62935,-7.59319,0.529005
0.313521,0.553642,3.80218,-5.00652,-5.91635,0.579513
0.401384,0.557995,3.30001,-5.8534,-6.08762,0.619506
0.406033,0.635251,2.7578,-5.9507,-7.18889,0.599945
0.359659,0.594411,3.30437,-5.38156,-6.52578,0.590217
0.310562,0.473935,4.24757,-4.92016,-4.93784,0.597687
0.267709,0.512688,4.24737,-4.45741,-5.38955,0.567976
0.394203,0.394203,4.15937,-5.68253,-4.03474,0.653688
0.397351,0.477439,3.7706,-5.74661,-4.87624,0.637576
0.352717,0.434403,4.21522,-5.26355,-4.51312,0.626285
0.482088,0.482088,3.22954,-6.55351,-5.19935,0.67483
0.48716,0.563664,2.73512,-6.62165,-6.1437,0.656711
0.442153,0.520476,3.27722,-6.18743,-5.49,0.647734
0.499655,0.717667,1.50658,-6.86955,-8.86984,0.616232
0.586599,0.72861,0.787873,-7.58929,-8.9014,0.649816
0.547326,0.759968,0.789887,-7.2447,-9.42674,0.622632
0.493142,0.642375,2.15698,-6.76908,-7.57236,0.637035
0.452656,0.676238,2.16003,-6.41685,-8.00623,0.608644
0.570589,0.570589,2.1101,-7.39731,-6.49745,0.690856
0.578013,0.65084,1.49441,-7.48327,-7.59896,0.670968
0.53238,0.607034,2.14247,-7.06082,-6.87315,0.664464
0.660823,0.660823,0.770002,-8.22186,-7.92759,0.701627
0.624389,0.695459,0.782246,-7.90547,-8.37959,0.676181
-0.98067,-0.0489176,0.220707,12.1714,0.592055,0.0839668
-0.98067,0.0489176,0.220707,12.1714,-0.592059,0.0839668
-0.98992,-8.97802e-09,0.122582,12.1606,-1.86775e-06,0.082009
-0.958083,-0.145878,0.383175,12.1958,1.75915,0.0856439
-0.951808,-0.0486131,0.570209,12.0425,0.569013,0.0921763
-0.970133,-0.0975574,0.306887,12.1415,1.16366,0.0851422
-0.914552,-0.0483243,1.01571,11.8816,0.548185,0.103272
-0.914552,0.0483242,1.01571,11.8816,-0.548188,0.103272
-0.951808,0.0486131,0.570209,12.0425,-0.569016,0.0921763
-0.933428,-8.04381e-09,0.80484,11.9836,-1.67074e-06,0.0981678
-0.958083,0.145878,0.383175,12.1958,-1.75915,0.0856439
-0.970133,0.0975574,0.306887,12.1415,-1.16366,0.0851422
-0.928007,-0.24103,0.528986,12.3662,3.00738,0.0853328
-0.918794,-0.144751,0.860839,12.0234,1.68963,0.0973356
-0.943938,-0.193705,0.458338,12.2715,2.37064,0.0857118
-0.889985,-0.333509,0.667144,12.4529,4.26554,0.0839185
-0.879332,-0.238795,1.12544,12.0109,2.81232,0.100655
-0.909923,-0.287632,0.598947,12.3525,3.58505,0.0847311
-0.825002,-0.236501,1.76954,11.5295,2.63232,0.118807
-0.81994,-0.142275,2.01443,11.2089,1.49404,0.129395
-0.872689,-0.14363,1.40771,11.6772,1.58864,0.111821
-0.849517,-0.190387,1.59362,11.5387,2.08847,0.115485
-0.86946,-0.0478911,1.54454,11.5435,0.516748,0.117436
-0.894149,-0.0961772,1.2194,11.7878,1.07654,0.107851
-0.817497,-0.0475387,2.13312,10.9515,0.483827,0.134717
-0.817497,0.0475387,2.13312,10.9515,-0.483829,0.134717
-0.86946,0.0478911,1.54454,11.5435,-0.51675,0.117436
-0.843807,-7.06004e-09,1.84946,11.3408,-1.35231e-06,0.126411
-0.761131,-0.140759,2.65536,10.4349,1.38414,0.150184
-0.759453,-0.0469538,2.75478,10.3798,0.45331,0.155186
-0.789874,-0.0944536,2.40202,10.89,0.956367,0.142639
-0.695555,-0.0463767,3.39371,9.53544,0.425038,0.179057
-0.695555,0.0463767,3.39371,9.53544,-0.425039,0.179057
-0.759453,0.0469538,2.75478,10.3798,-0.453312,0.155186
-0.727989,-6.06255e-09,3.08789,9.91911,-1.01099e-06,0.167315
-0.761131,0.140759,2.65536,10.4349,-1.38414,0.150184
-0.81994,0.142275,2.01443,11.2089,-1.49404,0.129395
-0.789874,0.0944536,2.40202,10.89,-0.956369,0.142639
-0.918794,0.144751,0.860839,12.0234,-1.68964,0.0973356
-0.928007,0.24103,0.528986,12.3662,-3.00738,0.0853328
-0.943938,0.193705,0.458338,12.2715,-2.37064,0.0857118
-0.872689,0.14363,1.40771,11.6772,-1.58864,0.111821
-0.894149,0.0961771,1.2194,11.7878,-1.07654,0.107851
-0.825002,0.236501,1.76954,11.5295,-2.63232,0.118807
-0.879332,0.238795,1.12544,12.0109,-2.81232,0.100655
-0.849517,0.190387,1.59362,11.5387,-2.08847,0.115485
-0.889985,0.333509,0.667144,12.4529,-4.26554,0.0839185
-0.909923,0.287632,0.598947,12.3525,-3.58506,0.0847311
-0.843657,-0.422278,0.81036,12.6558,5.73225,0.0825393
-0.832499,-0.329641,1.38447,11.9169,3.95335,0.103272
-0.867724,-0.378339,0.739999,12.5561,4.97237,0.0832099
-0.789752,-0.50688,0.950858,12.4794,7.1712,0.0820422
-0.778354,-0.416686,1.63078,11.6591,4.95704,0.106163
-0.817543,-0.465089,0.884347,12.469,6.34608,0.0821572
-0.709018,-0.41135,2.42713,10.5048,4.53337,0.132746
-0.702225,-0.321388,2.8482,10.2379,3.25679,0.15144
-0.769974,-0.32565,2.11798,11.0172,3.58589,0.125663
-0.740072,-0.368866,2.28183,10.938,4.15469,0.129198
-0.764224,-0.233562,2.45093,10.7357,2.4322,0.140435
-0.798166,-0.281445,1.94581,11.3276,3.00482,0.122289
-0.72861,-0.586599,1.076,12.346,8.94962,0.0834975
-0.717667,-0.499655,1.85526,11.4526,6.3678,0.11006
-0.759968,-0.547326,1.01746,12.4451,8.03343,0.0825106
-0.660823,-0.660823,1.17202,12.0346,11.1325,0.0878604
-0.65084,-0.578012,2.03722,10.5646,7.8397,0.115848
-0.695459,-0.624389,1.12963,12.1723,9.89498,0.085291
-0.570589,-0.570589,2.86647,8.94271,7.19459,0.150727
-0.563663,-0.487158,3.42944,8.10898,5.27744,0.17469
-0.642375,-0.493142,2.68589,9.98506,5.75742,0.140876
-0.607034,-0.532379,2.79013,9.28083,6.39662,0.145584
-0.635251,-0.406033,3.18132,9.18948,4.20319,0.162658
-0.676238,-0.452656,2.56624,10.2629,5.1436,0.136713
-0.557995,-0.401384,3.86134,7.86008,3.9469,0.195517
-0.553642,-0.313521,4.19199,7.54329,2.87592,0.212733
-0.630068,-0.317341,3.54996,8.78019,3.05364,0.180434
-0.594411,-0.359659,3.71919,8.30841,3.37103,0.187998
-0.482088,-0.482088,4.05925,6.7489,5.03826,0.211199
-0.477439,-0.397351,4.4522,6.20833,3.74374,0.231292
-0.520476,-0.442152,3.97893,7.11323,4.43044,0.20327
-0.394203,-0.394203,4.9292,4.96754,3.64957,0.269615
-0.391365,-0.308262,5.20447,4.72161,2.6396,0.285706
-0.473935,-0.310562,4.74987,6.28338,2.74687,0.247885
-0.434403,-0.352717,4.85661,5.68334,3.14451,0.258784
-0.471514,-0.222231,4.96387,6.23017,1.85829,0.260586
-0.550957,-0.224449,4.42173,7.44561,1.94919,0.225707
-0.512688,-0.267709,4.60116,6.87274,2.30253,0.236929
-0.697969,-0.230444,3.13863,9.74391,2.23239,0.165451
-0.695886,-0.138591,3.31604,9.55568,1.29931,0.174673
-0.73013,-0.18593,2.90272,10.1652,1.72395,0.157899
-0.626613,-0.227207,3.80581,8.62985,2.07231,0.193947
-0.664432,-0.274165,3.3533,9.28133,2.56961,0.17302
-0.549603,-0.134601,4.56656,7.39148,1.13684,0.234303
-0.625185,-0.136515,3.96243,8.5422,1.21885,0.202724
-0.588351,-0.180679,4.20536,8.00459,1.55163,0.214366
-0.625114,-0.045417,4.03402,8.37071,0.39991,0.20689
-0.660881,-0.0917407,3.69176,9.19648,0.839159,0.190991
-0.548986,-0.0449015,4.63653,7.35577,0.389964,0.238585
-0.548986,0.0449015,4.63653,7.35577,-0.389965,0.238585
-0.625114,0.0454169,4.03402,8.37071,-0.399912,0.20689
-0.587458,-5.0551e-09,4.35212,8.08078,-7.56964e-07,0.222876
-0.469943,-0.133457,5.09826,5.90534,1.06068,0.269136
-0.469147,-0.0444618,5.16577,5.94338,0.345478,0.273443
-0.509645,-0.089319,4.88541,6.79171,0.729586,0.254073
-0.386829,-0.0442614,5.60509,4.65102,0.341019,0.310884
-0.386829,0.0442614,5.60509,4.65102,-0.34102,0.310884
-0.469147,0.0444618,5.16577,5.94338,-0.345479,0.273443
-0.428101,-4.06387e-09,5.40851,5.50407,-5.21881e-07,0.292428
-0.469943,0.133456,5.09826,5.90534,-1.06068,0.269136
-0.549603,0.134601,4.56656,7.39148,-1.13684,0.234303
-0.509645,0.089319,4.88541,6.79171,-0.729587,0.254073
-0.389165,-0.220881,5.40725,4.75107,1.79021,0.298144
-0.387617,-0.132676,5.54082,4.5677,1.0395,0.306614
-0.4297,-0.177303,5.27528,5.33064,1.41918,0.283862
-0.306531,-0.306531,5.55358,3.39363,2.62729,0.325817
-0.304781,-0.219801,5.74574,3.19925,1.78488,0.337928
-0.348096,-0.263961,5.50062,3.92556,2.18737,0.312128
-0.218921,-0.218921,5.97285,1.99248,1.80757,0.379478
-0.217981,-0.131757,6.09769,2.06651,1.04818,0.387537
-0.303498,-0.132204,5.87224,3.29253,1.03853,0.346207
-0.261385,-0.175742,5.94572,2.74808,1.40724,0.363089
-0.302785,-0.0441016,5.93745,3.13394,0.34114,0.350424
-0.345255,-0.088321,5.76133,3.84207,0.685076,0.328833
-0.21743,-0.043995,6.15696,1.92006,0.344702,0.391656
-0.21743,0.043995,6.15696,1.92006,-0.344702,0.391656
-0.302785,0.0441016,5.93745,3.13394,-0.341141,0.350424
-0.260156,-3.13538e-09,6.06772,2.68432,-3.07428e-07,0.371384
-0.131357,-0.131357,6.20935,0.699677,1.07665,0.430203
-0.130991,-0.0438578,6.27129,0.76697,0.351203,0.434211
-0.174497,-0.087784,6.20591,1.40677,0.698544,0.411268
-0.0437787,-0.0437787,6.27598,-0.507106,0.371996,0.477639
-0.130991,0.0438578,6.27129,0.76697,-0.351204,0.434211
-0.0874156,-2.27775e-09,6.29479,0.175876,-1.16349e-07,0.456348
-0.217981,0.131757,6.09769,2.06651,-1.04818,0.387537
-0.174497,0.087784,6.20591,1.40677,-0.698544,0.411268
-0.387617,0.132676,5.54082,4.5677,-1.0395,0.306614
-0.389165,0.220881,5.40725,4.75107,-1.79021,0.298144
-0.471514,0.222231,4.96387,6.23017,-1.85829,0.260586
-0.4297,0.177303,5.27528,5.33064,-1.41919,0.283862
-0.303498,0.132204,5.87224,3.29253,-1.03853,0.346207
-0.345255,0.088321,5.76133,3.84207,-0.685077,0.328833
-0.304781,0.219801,5.74574,3.19925,-1.78488,0.337928
-0.261385,0.175742,5.94572,2.74808,-1.40724,0.363089
-0.391365,0.308262,5.20447,4.72161,-2.6396,0.285706
-0.348096,0.263961,5.50062,3.92556,-2.18738,0.312128
-0.832499,0.329641,1.38447,11.9169,-3.95335,0.103272
-0.843657,0.422278,0.81036,12.6558,-5.73226,0.0825393
-0.867724,0.378339,0.739999,12.5561,-4.97237,0.0832099
-0.764224,0.233562,2.45093,10.7357,-2.43221,0.140435
-0.769974,0.32565,2.11798,11.0172,-3.58589,0.125663
-0.798166,0.281445,1.94581,11.3276,-3.00483,0.122289
-0.702225,0.321388,2.8482,10.2379,-3.25679,0.15144
-0.709018,0.41135,2.42713,10.5048,-4.53337,0.132746
-0.778354,0.416686,1.63078,11.6591,-4.95705,0.106163
-0.740072,0.368866,2.28183,10.938,-4.15469,0.129198
-0.789752,0.50688,0.950858,12.4794,-7.17121,0.0820422
-0.817543,0.465089,0.884347,12.469,-6.34608,0.0821572
-0.695886,0.138591,3.31604,9.55568,-1.29931,0.174673
-0.697969,0.230444,3.13863,9.74391,-2.23239,0.165451
-0.73013,0.18593,2.90272,10.1652,-1.72395,0.157899
-0.625185,0.136515,3.96243,8.5422,-1.21885,0.202724
-0.660881,0.0917407,3.69176,9.19648,-0.839161,0.190991
-0.550957,0.224449,4.42173,7.44561,-1.94919,0.225707
-0.626613,0.227207,3.80581,8.62985,-2.07231,0.193947
-0.588351,0.180679,4.20536,8.00459,-1.55163,0.214366
-0.630068,0.317341,3.54996,8.78018,-3.05364,0.180434
-0.664432,0.274165,3.3533,9.28133,-2.56961,0.17302
-0.553642,0.313521,4.19199,7.54329,-2.87593,0.212733
-0.557995,0.401384,3.86134,7.86008,-3.9469,0.195517
-0.635251,0.406033,3.18132,9.18947,-4.20319,0.162658
-0.594411,0.359659,3.71919,8.3084,-3.37104,0.187998
-0.473935,0.310562,4.74987,6.28338,-2.74687,0.247885
-0.512688,0.267709,4.60116,6.87273,-2.30253,0.236929
-0.477439,0.397351,4.45219,6.20833,-3.74374,0.231291
-0.434403,0.352717,4.85661,5.68334,-3.14451,0.258784
-0.563664,0.48716,3.42942,8.10898,-5.27744,0.174689
-0.520476,0.442153,3.97893,7.11323,-4.43044,0.20327
-0.717667,0.499655,1.85526,11.4526,-6.36781,0.11006
-0.72861,0.586599,1.076,12.346,-8.94963,0.0834975
-0.759968,0.547326,1.01746,12.4451,-8.03344,0.0825106
-0.642375,0.493142,2.68589,9.98506,-5.75742,0.140876
-0.676238,0.452656,2.56624,10.2629,-5.1436,0.136713
-0.65084,0.578013,2.03722,10.5646,-7.83971,0.115848
-0.607034,0.53238,2.79012,9.28083,-6.39662,0.145584
-0.695459,0.624389,1.12963,12.1723,-9.89498,0.085291
0.0489176,-0.98067,0.306118,-1.00113,16.8802,0.302682
-0.0489176,-0.98067,0.323933,0.732836,17.8652,0.253784
4.60378e-09,-0.98992,0.175509,4.01128e-06,17.4112,0.274378
0.145878,-0.958083,0.493729,-2.61991,15.1746,0.360225
0.0486131,-0.951808,0.773915,-1.24504,15.5724,0.314403
0.0975574,-0.970133,0.414674,-1.89846,15.7054,0.331296
0.0483242,-0.914552,1.33023,-1.45,14.3868,0.329225
-0.0483242,-0.914552,1.39922,0.119941,15.0279,0.28092
-0.0486131,-0.951808,0.816982,0.388974,16.3693,0.265809
4.19011e-09,-0.933428,1.10842,-0.487409,15.6054,0.297541
-0.145878,-0.958083,0.583645,2.41043,17.7766,0.214864
-0.0975574,-0.970133,0.464689,1.46258,17.4805,0.233894
0.24103,-0.928007,0.617729,-3.92379,14.0805,0.419067
0.144751,-0.918794,1.06904,-2.77963,14.0482,0.375512
0.193705,-0.943938,0.562718,-3.29354,14.6324,0.38955
0.333509,-0.889985,0.694901,-5.08719,12.4829,0.478392
0.238795,-0.879332,1.26069,-4.06818,12.5745,0.437099
0.287632,-0.909923,0.659453,-4.55026,13.0202,0.448745
0.236501,-0.825002,1.91211,-4.15864,11.2334,0.456429
0.142275,-0.81994,2.30633,-3.06864,11.1454,0.41203
0.14363,-0.872689,1.67653,-2.95518,12.5106,0.392953
0.190387,-0.849517,1.8097,-3.59503,11.6658,0.424793
0.0478911,-0.86946,1.9429,-1.6755,12.7846,0.346556
0.0961772,-0.894149,1.52667,-2.23671,13.4441,0.361106
0.0475387,-0.817497,2.56688,-1.87343,10.9513,0.365785
-0.0475387,-0.817497,2.67685,-0.455835,11.2234,0.318264
-0.0478911,-0.86946,2.03517,-0.191843,13.2435,0.298683
3.7026e-09,-0.843807,2.32796,-1.03703,12.2802,0.332312
0.140759,-0.761131,2.92065,-3.15122,9.53744,0.432175
0.0469538,-0.759453,3.17084,-1.95147,9.69106,0.386075
0.0944536,-0.789874,2.763,-2.51333,10.6217,0.399124
0.0463767,-0.695555,3.74885,-2.00556,8.28453,0.407029
-0.0463767,-0.695555,3.87533,-0.698501,8.35083,0.360669
-0.0469538,-0.759453,3.29174,-0.603568,9.85037,0.339138
3.17259e-09,-0.727989,3.54717,-1.3397,8.94445,0.373257
-0.140759,-0.761131,3.26898,0.906882,10.034,0.291881
-0.142275,-0.81994,2.61737,1.1873,12.0947,0.270235
-0.0944536,-0.789874,2.99188,0.262181,11.1223,0.304811
-0.144751,-0.918794,1.24763,1.99631,16.117,0.231267
-0.24103,-0.928007,0.806066,4.41289,18.144,0.180363
-0.193705,-0.943938,0.699902,3.39455,18.0031,0.197054
-0.14363,-0.872689,1.92858,1.51227,13.9231,0.249816
-0.0961772,-0.894149,1.68334,0.814292,14.572,0.265077
-0.236501,-0.825002,2.367,3.10112,13.0808,0.222126
-0.238795,-0.879332,1.59859,3.62517,15.3347,0.200567
-0.190387,-0.849517,2.16449,2.2378,13.2566,0.235553
-0.333509,-0.889985,0.9776,6.10156,16.9454,0.151031
-0.287632,-0.909923,0.893627,5.09499,17.0843,0.165062
0.422278,-0.843657,0.751913,-6.0461,11.4093,0.537287
0.329641,-0.832499,1.39716,-5.1474,11.174,0.498367
0.378339,-0.867724,0.728002,-5.58152,11.9512,0.507971
0.50688,-0.789752,0.783895,-6.87857,9.94918,0.594736
0.416686,-0.778354,1.47494,-6.07053,9.82845,0.558401
0.465089,-0.817543,0.774715,-6.4792,10.4759,0.566259
0.41135,-0.709018,2.14451,-6.01814,8.45504,0.579424
0.321388,-0.702225,2.70066,-5.13348,8.5543,0.539645
0.32565,-0.769974,2.06842,-5.16579,9.60786,0.518927
0.368866,-0.740072,2.1188,-5.60458,9.21994,0.549489
0.233562,-0.764224,2.55224,-4.22377,9.667,0.476682
0.281445,-0.798166,1.99771,-4.70105,10.4098,0.487882
0.586599,-0.72861,0.787873,-7.58928,8.9014,0.649816
0.499655,-0.717667,1.50658,-6.86955,8.86984,0.616232
0.547326,-0.759968,0.789887,-7.2447,9.42674,0.622632
0.660823,-0.660823,0.770002,-8.22186,7.9276,0.701627
0.578012,-0.65084,1.49441,-7.48327,7.59896,0.670968
0.624389,-0.695459,0.782246,-7.90547,8.37959,0.676181
0.570589,-0.570589,2.1101,-7.39731,6.49745,0.690855
0.487158,-0.563663,2.73513,-6.62165,6.1437,0.65671
0.493142,-0.642375,2.15698,-6.76907,7.57236,0.637035
0.532379,-0.607034,2.14248,-7.06082,6.87315,0.664464
0.406033,-0.635251,2.7578,-5.95069,7.18889,0.599945
0.452656,-0.676238,2.16003,-6.41685,8.00623,0.608644
0.401384,-0.557995,3.30001,-5.8534,6.08762,0.619506
0.313521,-0.553642,3.80218,-5.00651,5.91635,0.579513
0.317341,-0.630068,3.2838,-5.08287,7.0059,0.560015
0.359659,-0.594411,3.30437,-5.38156,6.52579,0.590217
0.482088,-0.482088,3.22954,-6.5535,5.19935,0.674829
0.397351,-0.477439,3.7706,-5.74661,4.87625,0.637576
0.442152,-0.520476,3.27723,-6.18743,5.49,0.647734
0.394203,-0.394203,4.15937,-5.68253,4.03474,0.653688
0.308262,-0.391365,4.61612,-4.80754,3.84066,0.613896
0.310562,-0.473935,4.24757,-4.92016,4.93784,0.597687
0.352717,-0.434403,4.21522,-5.26355,4.51312,0.626285
0.222231,-0.471514,4.65029,-3.99346,4.88352,0.555644
0.224449,-0.550957,4.21938,-4.08137,5.87293,0.537297
0.267709,-0.512688,4.24737,-4.45741,5.38955,0.567976
0.230444,-0.697969,3.16005,-4.20765,8.24329,0.497279
0.138591,-0.695886,3.51244,-3.18045,8.18778,0.452817
0.18593,-0.73013,3.05279,-3.64632,8.93978,0.464974
0.227207,-0.626613,3.72074,-4.15634,6.98453,0.517638
0.274165,-0.664432,3.23421,-4.62935,7.59319,0.529005
0.134601,-0.549603,4.5462,-3.08246,5.83333,0.493463
0.136515,-0.625185,4.05815,-3.15545,6.97167,0.473473
0.180679,-0.588351,4.15438,-3.58251,6.39653,0.505778
0.045417,-0.625114,4.29174,-2.01588,6.81526,0.428149
0.0917407,-0.660881,3.92479,-2.61314,7.778,0.440532
0.0449015,-0.548986,4.77473,-1.99629,5.78337,0.44897
-0.0449015,-0.548986,4.89793,-0.724609,5.74586,0.404084
-0.045417,-0.625114,4.41794,-0.733843,6.81191,0.382748
2.58256e-09,-0.587458,4.6189,-1.39002,6.49684,0.416176
0.133456,-0.469943,4.96403,-2.97,4.59524,0.512327
0.0444618,-0.469147,5.18574,-1.8967,4.57115,0.468201
0.089319,-0.509645,4.88865,-2.50783,5.29134,0.481059
0.0442614,-0.386829,5.52495,-1.84074,3.62218,0.485179
-0.0442614,-0.386829,5.63757,-0.687647,3.5611,0.440932
-0.0444618,-0.469147,5.30381,-0.736816,4.51439,0.423754
1.9324e-09,-0.428101,5.43735,-1.31307,4.20699,0.454878
-0.133456,-0.469943,5.30963,0.541866,4.42808,0.379267
-0.134601,-0.549603,4.90582,0.590004,5.73163,0.359268
-0.089319,-0.509645,5.12784,-0.101401,5.1959,0.391859
0.220881,-0.389165,5.00448,-3.88851,3.80971,0.572158
0.132676,-0.387617,5.31174,-2.89915,3.62658,0.52905
0.177303,-0.4297,5.00391,-3.43913,4.19371,0.542733
0.306531,-0.306531,4.91319,-4.75754,2.96957,0.62757
0.219801,-0.304781,5.2871,-3.82122,2.78529,0.585974
0.263961,-0.348096,4.97386,-4.31621,3.28572,0.600465
0.218921,-0.218921,5.49841,-3.79274,2.02142,0.596654
0.131757,-0.217981,5.78578,-2.79535,2.01129,0.553856
0.132204,-0.303498,5.58242,-2.84277,2.78139,0.543058
0.175742,-0.261385,5.55862,-3.32128,2.46736,0.570436
0.0441016,-0.302785,5.79008,-1.77577,2.61976,0.499299
0.088321,-0.345255,5.5737,-2.34657,3.10729,0.514598
0.043995,-0.21743,5.98391,-1.73015,1.86788,0.510218
-0.043995,-0.21743,6.08663,-0.586507,1.82401,0.466237
-0.0441016,-0.302785,5.89732,-0.628626,2.56472,0.455211
1.22692e-09,-0.260156,5.96002,-1.19983,2.31042,0.483175
0.131357,-0.131357,5.91926,-2.77441,1.16414,0.561182
0.0438578,-0.130991,6.1143,-1.69728,1.17037,0.517638
0.087784,-0.174497,5.97098,-2.25408,1.5796,0.536243
0.0437787,-0.0437787,6.17856,-1.70104,0.383771,0.521403
-0.0438578,-0.130991,6.21355,-0.555056,1.14066,0.473795
4.68763e-10,-0.0874156,6.21611,-1.12518,0.799338,0.498091
-0.131757,-0.217981,6.08588,0.641294,1.87786,0.42248
-0.087784,-0.174497,6.17059,0.0324049,1.50432,0.448571
-0.132676,-0.387617,5.64112,0.56607,3.44858,0.396763
-0.220881,-0.389165,5.52577,1.91457,3.5298,0.353068
-0.222231,-0.471514,5.19665,1.96118,4.64129,0.335238
-0.177303,-0.4297,5.44398,1.21941,3.96724,0.366358
-0.132204,-0.303498,5.89617,0.605563,2.617,0.411239
-0.088321,-0.345255,5.79136,-0.0457004,2.99025,0.426392
-0.219801,-0.304781,5.78331,1.94164,2.52783,0.367939
-0.175742,-0.261385,5.95805,1.27481,2.26853,0.395597
-0.308262,-0.391365,5.28844,3.38289,3.4867,0.310493
-0.263961,-0.348096,5.56196,2.63493,2.9698,0.339559
-0.329641,-0.832499,1.89328,5.27002,14.1212,0.174663
-0.422278,-0.843657,1.1215,8.05666,16.3138,0.127448
-0.378339,-0.867724,1.05746,7.08589,16.6942,0.138593
-0.233562,-0.764224,3.08071,2.66052,10.6611,0.245237
-0.32565,-0.769974,2.69745,4.52589,11.1611,0.199002
-0.281445,-0.798166,2.54197,3.71366,12.1614,0.210139
-0.321388,-0.702225,3.40131,4.04006,9.41411,0.223762
-0.41135,-0.709018,2.88704,5.98,9.72046,0.179577
-0.416686,-0.778354,2.08291,6.71181,12.4386,0.153669
-0.368866,-0.740072,2.81556,5.38119,10.8102,0.188931
-0.50688,-0.789752,1.21193,9.46944,14.112,0.109285
-0.465089,-0.817543,1.18275,8.61512,14.74,0.117757
-0.138591,-0.695886,3.8785,0.759913,8.39577,0.314669
-0.230444,-0.697969,3.72691,2.34279,8.66018,0.26887
-0.18593,-0.73013,3.51402,1.47897,9.44081,0.280114
-0.136515,-0.625185,4.42653,0.663662,6.98847,0.337382
-0.0917407,-0.660881,4.17582,-0.0129449,7.86298,0.34892
-0.224449,-0.550957,4.78663,2.03481,5.73211,0.314727
-0.227207,-0.626613,4.2975,2.15171,7.04634,0.29238
-0.180679,-0.588351,4.6285,1.23697,6.33702,0.32608
-0.317341,-0.630068,4.01354,3.7944,7.17337,0.247973
-0.274165,-0.664432,3.88966,2.93996,7.88344,0.258262
-0.313521,-0.553642,4.52777,3.61269,5.78344,0.271103
-0.401384,-0.557995,4.1166,5.19882,6.0699,0.228813
-0.406033,-0.635251,3.56159,5.51625,7.62881,0.204977
-0.359659,-0.594411,4.08658,4.34192,6.57441,0.238262
-0.310562,-0.473935,4.95085,3.49023,4.6499,0.292093
-0.267709,-0.512688,4.89055,2.63135,5.16964,0.303453
-0.397351,-0.477439,4.57142,5.04783,4.5816,0.250599
-0.352717,-0.434403,4.95973,4.09257,4.17516,0.280836
-0.48716,-0.563664,3.56537,6.98529,6.31818,0.188593
-0.442153,-0.520476,4.10977,5.96183,5.3532,0.219848
-0.499655,-0.717667,2.17178,8.42667,11.3046,0.13711
-0.586599,-0.72861,1.22357,10.9053,12.6106,0.0962845
-0.547326,-0.759968,1.22788,10.2281,13.4021,0.102226
-0.493142,-0.642375,2.94184,7.5572,8.63822,0.16364
-0.452656,-0.676238,2.93314,6.80738,9.17553,0.171289
-0.578013,-0.65084,2.15181,9.62061,9.31252,0.124607
-0.53238,-0.607034,2.92207,8.20317,7.63202,0.156879
-0.624389,-0.695459,1.20573,11.4611,11.7732,0.0915787
0.98067,0.0489176,0.190985,-10.5322,-0.522701,0.914837
0.98067,-0.0489176,0.190985,-10.5322,0.522704,0.914837
0.98992,1.84612e-10,0.106321,-10.5475,8.10114e-07,0.917991
0.958083,0.145878,0.327067,-10.3171,-1.55843,0.903735
0.951808,0.0486131,0.490717,-10.2416,-0.517239,0.906642
0.970133,0.0975574,0.264781,-10.3591,-1.03897,0.910103
0.914552,0.0483242,0.866841,-9.96963,-0.513628,0.895561
0.914552,-0.0483242,0.866841,-9.96963,0.513629,0.895561
0.951808,-0.0486131,0.490717,-10.2416,0.517241,0.906642
0.933428,4.40089e-10,0.691465,-10.1651,3.4247e-07,0.901832
0.958083,-0.145878,0.327067,-10.3171,1.55843,0.903735
0.970133,-0.0975574,0.264781,-10.3591,1.03898,0.910103
0.928007,0.24103,0.43855,-10.1894,-2.59897,0.88576
0.918794,0.144751,0.727976,-10.0273,-1.5431,0.892206
0.943938,0.193705,0.386079,-10.2609,-2.07756,0.895586
0.889985,0.333509,0.530962,-9.84263,-3.62381,0.860981
0.879332,0.238795,0.925027,-9.74482,-2.5565,0.870968
0.909923,0.287632,0.486808,-9.94742,-3.10185,0.874187
0.825002,0.236501,1.44691,-9.31029,-2.51554,0.853356
0.81994,0.142275,1.6783,-9.18398,-1.49382,0.860501
0.872689,0.14363,1.18012,-9.60412,-1.51816,0.877881
0.849517,0.190387,1.32049,-9.401,-2.01266,0.866446
0.86946,0.0478911,1.30745,-9.56384,-0.506444,0.881417
0.894149,0.0961772,1.03279,-9.79947,-1.01927,0.887528
0.817497,0.0475387,1.79331,-9.03691,-0.499423,0.864153
0.817497,-0.0475387,1.79331,-9.03691,0.499424,0.864153
0.86946,-0.0478911,1.30745,-9.56384,0.506445,0.881417
0.843807,5.29751e-10,1.56164,-9.37408,1.07223e-07,0.873589
0.761131,0.140759,2.20515,-8.6255,-1.46234,0.839925
0.759453,0.0469538,2.30753,-8.62315,-0.486251,0.843711
0.789874,0.0944536,2.00809,-8.97063,-0.986706,0.852904
0.695555,0.0463767,2.84311,-8.09283,-0.476338,0.819868
0.695555,-0.0463767,2.84311,-8.09283,0.476339,0.819868
0.759453,-0.0469538,2.30753,-8.62315,0.486252,0.843711
0.727989,4.54767e-10,2.58759,-8.32916,4.57267e-08,0.832685
0.761131,-0.140759,2.20515,-8.6255,1.46234,0.839925
0.81994,-0.142275,1.6783,-9.18398,1.49383,0.860501
0.789874,-0.0944536,2.00809,-8.97063,0.986707,0.852904
0.918794,-0.144751,0.727976,-10.0273,1.5431,0.892206
0.928007,-0.24103,0.43855,-10.1894,2.59897,0.88576
0.943938,-0.193705,0.386079,-10.2609,2.07757,0.895586
0.872689,-0.14363,1.18012,-9.60412,1.51816,0.877881
0.894149,-0.0961772,1.03279,-9.79947,1.01927,0.887528
0.825002,-0.236501,1.44691,-9.31029,2.51554,0.853356
0.879332,-0.238795,0.925027,-9.74482,2.5565,0.870968
0.849517,-0.190387,1.32049,-9.401,2.01266,0.866446
0.889985,-0.333509,0.530962,-9.84263,3.62382,0.860981
0.909923,-0.287632,0.486808,-9.94742,3.10185,0.874187
0.843657,0.422278,0.614896,-9.58702,-4.66515,0.829619
0.832499,0.329641,1.09857,-9.39257,-3.55924,0.842887
0.867724,0.378339,0.575559,-9.72438,-4.13996,0.846069
0.789752,0.50688,0.684443,-9.10033,-5.69414,0.792221
0.778354,0.416686,1.2445,-8.97364,-4.45505,0.808272
0.817543,0.465089,0.65364,-9.27565,-5.16323,0.811624
0.709018,0.41135,1.87069,-8.36723,-4.35209,0.783835
0.702225,0.321388,2.27443,-8.35096,-3.30759,0.797358
0.769974,0.32565,1.68176,-8.79442,-3.46748,0.82178
0.740072,0.368866,1.78447,-8.66979,-3.96367,0.803539
0.764224,0.233562,2.00044,-8.74386,-2.46691,0.832413
0.798166,0.281445,1.56867,-9.07194,-2.91218,0.838366
0.72861,0.586599,0.736388,-8.6939,-6.76346,0.749331
0.717667,0.499655,1.36108,-8.62783,-5.49547,0.767688
0.759968,0.547326,0.713674,-8.90765,-6.22468,0.771409
0.65084,0.578012,1.44457,-8.03328,-6.58966,0.721702
0.695459,0.624389,0.756318,-8.46036,-7.30415,0.726029
0.563663,0.487158,2.6436,-7.17076,-5.26339,0.708977
0.642375,0.493142,2.01536,-7.98629,-5.35142,0.739974
0.607034,0.532379,2.0708,-7.61519,-5.91982,0.716018
0.635251,0.406033,2.48988,-7.73804,-4.24576,0.756037
0.676238,0.452656,1.95051,-8.18239,-4.8546,0.762576
0.557995,0.401384,3.08423,-7.11238,-4.14437,0.725004
0.553642,0.313521,3.43724,-6.97839,-3.2055,0.738521
0.630068,0.317341,2.86455,-7.59324,-3.29139,0.769634
0.594411,0.359659,2.98429,-7.34555,-3.63299,0.748019
0.477439,0.397351,3.6465,-6.31791,-4.09373,0.690798
0.520476,0.442152,3.16815,-6.74482,-4.66202,0.700563
0.391365,0.308262,4.47128,-5.5234,-3.01423,0.667156
0.473935,0.310562,3.97698,-6.34627,-3.12032,0.704277
0.434403,0.352717,4.0793,-6.05257,-3.48704,0.679653
0.471514,0.222231,4.22215,-6.30378,-2.17411,0.714822
0.550957,0.224449,3.69406,-6.93573,-2.24626,0.74921
0.512688,0.267709,3.84701,-6.64635,-2.59789,0.72745
0.697969,0.230444,2.56857,-8.15213,-2.39278,0.808114
0.695886,0.138591,2.75653,-8.08535,-1.43676,0.815739
0.73013,0.18593,2.39357,-8.42504,-1.8391,0.824866
0.626613,0.227207,3.13871,-7.54995,-2.31907,0.780352
0.664432,0.274165,2.72495,-7.87679,-2.75138,0.789632
0.549603,0.134601,3.86078,-6.90793,-1.33844,0.756652
0.625185,0.136515,3.31316,-7.52151,-1.39688,0.787972
0.588351,0.180679,3.51457,-7.23266,-1.74427,0.769356
0.625114,0.045417,3.39535,-7.43503,-0.467587,0.792079
0.660881,0.0917407,3.08961,-7.89038,-0.948829,0.804804
0.548986,0.0449015,3.94268,-6.88847,-0.460755,0.760407
0.548986,-0.0449015,3.94268,-6.88847,0.460756,0.760407
0.625114,-0.045417,3.39535,-7.43503,0.467587,0.792079
0.587458,2.0303e-10,3.68232,-7.27792,4.27409e-08,0.777124
0.469943,0.133456,4.38152,-6.1153,-1.26676,0.721972
0.469147,0.0444618,4.46152,-6.12509,-0.416735,0.725569
0.509645,0.089319,4.17622,-6.58763,-0.872186,0.74194
0.386829,0.0442614,4.93804,-5.40004,-0.408278,0.688137
0.386829,-0.0442614,4.93804,-5.40004,0.408278,0.688137
0.469147,-0.0444618,4.46152,-6.12509,0.416735,0.725569
0.428101,-2.15003e-10,4.71728,-5.88111,1.56606e-08,0.707572
0.469943,-0.133456,4.38152,-6.1153,1.26676,0.721972
0.549603,-0.134601,3.86078,-6.90793,1.33844,0.756652
0.509645,-0.089319,4.17622,-6.58763,0.872186,0.74194
0.389165,0.220881,4.70541,-5.50145,-2.0944,0.677561
0.387617,0.132676,4.8614,-5.36769,-1.23274,0.684597
0.4297,0.177303,4.55974,-5.80975,-1.6787,0.700461
0.304781,0.219801,5.13459,-4.58692,-2.04712,0.638012
0.348096,0.263961,4.82343,-5.04958,-2.51336,0.653236
0.217981,0.131757,5.63943,-3.79412,-1.1826,0.603796
0.303498,0.132204,5.282,-4.6038,-1.20809,0.645067
0.261385,0.175742,5.40754,-4.27438,-1.60893,0.621508
0.302785,0.0441016,5.35727,-4.48057,-0.398141,0.648604
0.345255,0.088321,5.12736,-4.92861,-0.808213,0.667269
0.21743,0.043995,5.70806,-3.66524,-0.389678,0.607377
0.21743,-0.043995,5.70806,-3.66524,0.389678,0.607377
0.302785,-0.0441016,5.35727,-4.48057,0.398141,0.648604
0.260156,-7.82514e-10,5.54994,-4.18591,1.24758e-08,0.628616
0.130991,0.0438578,5.98669,-2.7968,-0.381063,0.564828
0.174497,0.087784,5.8325,-3.30175,-0.774072,0.584881
0.130991,-0.0438578,5.98669,-2.7968,0.381063,0.564828
0.0874156,-1.48356e-09,6.10235,-2.30453,1.35334e-08,0.543652
0.217981,-0.131757,5.63943,-3.79412,1.1826,0.603796
0.174497,-0.087784,5.8325,-3.30174,0.774072,0.584881
0.387617,-0.132676,4.8614,-5.36769,1.23274,0.684597
0.389165,-0.220881,4.70541,-5.50145,2.0944,0.677561
0.471514,-0.222231,4.22215,-6.30378,2.17411,0.714822
0.4297,-0.177303,4.55974,-5.80975,1.6787,0.700461
0.303498,-0.132204,5.282,-4.6038,1.20809,0.645067
0.345255,-0.088321,5.12736,-4.92861,0.808213,0.667269
0.304781,-0.219801,5.13459,-4.58692,2.04712,0.638012
0.261385,-0.175742,5.40754,-4.27438,1.60893,0.621508
0.391365,-0.308262,4.47128,-5.5234,3.01423,0.667156
0.348096,-0.263961,4.82343,-5.04958,2.51337,0.653236
0.832499,-0.329641,1.09857,-9.39256,3.55924,0.842887
0.843657,-0.422278,0.614896,-9.58702,4.66515,0.829619
0.867724,-0.378339,0.575559,-9.72438,4.13996,0.846069
0.764224,-0.233562,2.00044,-8.74386,2.46691,0.832413
0.769974,-0.32565,1.68176,-8.79442,3.46748,0.82178
0.798166,-0.281445,1.56867,-9.07194,2.91218,0.838366
0.702225,-0.321388,2.27443,-8.35096,3.30759,0.797358
0.709018,-0.41135,1.87069,-8.36723,4.35209,0.783835
0.778354,-0.416686,1.2445,-8.97364,4.45506,0.808272
0.740072,-0.368866,1.78447,-8.66979,3.96368,0.803539
0.789752,-0.50688,0.684443,-9.10033,5.69414,0.792221
0.817543,-0.465089,0.65364,-9.27564,5.16324,0.811624
0.695886,-0.138591,2.75653,-8.08535,1.43676,0.815739
0.697969,-0.230444,2.56857,-8.15213,2.39278,0.808114
0.73013,-0.18593,2.39357,-8.42504,1.8391,0.824866
0.625185,-0.136515,3.31316,-7.52151,1.39688,0.787972
0.660881,-0.0917407,3.08961,-7.89038,0.94883,0.804804
0.550957,-0.224449,3.69406,-6.93573,2.24626,0.74921
0.626613,-0.227207,3.13871,-7.54995,2.31908,0.780352
0.588351,-0.180679,3.51457,-7.23266,1.74427,0.769356
0.630068,-0.317341,2.86455,-7.59324,3.29139,0.769634
0.664432,-0.274165,2.72495,-7.87679,2.75138,0.789632
0.553642,-0.313521,3.43724,-6.97839,3.2055,0.738521
0.557995,-0.401384,3.08423,-7.11238,4.14437,0.725004
0.635251,-0.406033,2.48988,-7.73804,4.24576,0.756037
0.594411,-0.359659,2.98429,-7.34555,3.633,0.748019
0.473935,-0.310562,3.97698,-6.34627,3.12032,0.704277
0.512688,-0.267709,3.84701,-6.64635,2.59789,0.72745
0.477439,-0.397351,3.6465,-6.31791,4.09373,0.690798
0.434403,-0.352717,4.0793,-6.05257,3.48704,0.679653
0.563664,-0.48716,2.64358,-7.17076,5.26339,0.708976
0.520476,-0.442153,3.16815,-6.74482,4.66202,0.700563
0.717667,-0.499655,1.36108,-8.62783,5.49547,0.767688
0.72861,-0.586599,0.736388,-8.69389,6.76347,0.749331
0.759968,-0.547326,0.713674,-8.90765,6.22468,0.771409
0.642375,-0.493142,2.01536,-7.98629,5.35142,0.739974
0.676238,-0.452656,1.9505,-8.18238,4.85461,0.762576
0.65084,-0.578013,1.44457,-8.03328,6.58966,0.721702
0.607034,-0.53238,2.0708,-7.61519,5.91982,0.716018
0.695459,-0.624389,0.756318,-8.46036,7.30416,0.726029
